fulano,127.0.0.1,teste,Template Module ICMP Ping
fulano1,127.0.0.2,teste,Template Module ICMP Ping
fulano2,127.0.0.3,teste,Template Module ICMP Ping
fulano3,127.0.0.4,teste,Template Module ICMP Ping
fulano4,127.0.0.5,teste,Template Module ICMP Ping
fulano5,127.0.0.6,teste,Template Module ICMP Ping
fulano6,127.0.0.1,teste,Template Module ICMP Ping
fulano7,127.0.0.2,teste,Template Module ICMP Ping
fulano8,127.0.0.3,teste,Template Module ICMP Ping
fulano9,127.0.0.4,teste,Template Module ICMP Ping
fulano10,127.0.0.5,teste,Template Module ICMP Ping
fulano11,127.0.0.6,teste,Template Module ICMP Ping
fulano12,127.0.0.1,teste,Template Module ICMP Ping
fulano13,127.0.0.2,teste,Template Module ICMP Ping
fulano14,127.0.0.3,teste,Template Module ICMP Ping
fulano15,127.0.0.4,teste,Template Module ICMP Ping
fulano16,127.0.0.5,teste,Template Module ICMP Ping
fulano17,127.0.0.6,teste,Template Module ICMP Ping
fulano18,127.0.0.1,teste,Template Module ICMP Ping
fulano19,127.0.0.2,teste,Template Module ICMP Ping
fulano20,127.0.0.3,teste,Template Module ICMP Ping
fulano21,127.0.0.4,teste,Template Module ICMP Ping
fulano22,127.0.0.5,teste,Template Module ICMP Ping
fulano23,127.0.0.6,teste,Template Module ICMP Ping
fulano27,127.0.0.6,teste,Template Module ICMP Ping